{
  "IcoMoonType": "selection",
  "icons": [
    {
      "icon": {
        "paths": [
          "M896 128h-768c-52.8 0-95.52 43.2-95.52 96l-0.48 576c0 52.8 43.2 96 96 96h768c52.8 0 96-43.2 96-96v-576c0-52.8-43.2-96-96-96zM876.8 332l-339.36 212.16c-15.36 9.6-35.52 9.6-50.88 0l-339.36-212.16c-12-7.68-19.2-20.64-19.2-34.56 0-32.16 35.040-51.36 62.4-34.56l321.6 201.12 321.6-201.12c27.36-16.8 62.4 2.4 62.4 34.56 0 13.92-7.2 26.88-19.2 34.56z"
        ],
        "attrs": [],
        "grid": 0,
        "tags": [
          "envelope-icon"
        ]
      },
      "attrs": [],
      "properties": {
        "order": 17,
        "id": 21,
        "name": "envelope-icon",
        "prevSize": 32
      },
      "setIdx": 0,
      "setId": 3,
      "iconIdx": 0
    },
    {
      "icon": {
        "paths": [
          "M512 512c141.44 0 256-114.56 256-256s-114.56-256-256-256c-141.44 0-256 114.56-256 256s114.56 256 256 256zM512 640c-170.88 0-512 85.76-512 256v64c0 35.2 28.8 64 64 64h896c35.2 0 64-28.8 64-64v-64c0-170.24-341.12-256-512-256z"
        ],
        "attrs": [],
        "grid": 0,
        "tags": [
          "name-icon"
        ]
      },
      "attrs": [],
      "properties": {
        "order": 18,
        "id": 19,
        "name": "name-icon",
        "prevSize": 32
      },
      "setIdx": 0,
      "setId": 3,
      "iconIdx": 1
    },
    {
      "icon": {
        "paths": [
          "M877.422 667.25l-134.444-15.35c-32.292-3.705-64.051 7.411-86.812 30.171l-97.395 97.398c-149.797-76.225-272.599-198.498-348.821-348.826l97.924-97.925c22.761-22.761 33.876-54.52 30.171-86.808l-15.35-133.39c-6.352-53.461-51.344-93.69-105.334-93.69h-91.573c-59.813 0-109.569 49.756-105.864 109.57 28.054 452.041 389.579 813.036 841.091 841.094 59.809 3.701 109.568-46.051 109.568-105.867v-91.568c0.527-53.465-39.702-98.458-93.162-104.809z"
        ],
        "attrs": [],
        "grid": 0,
        "tags": [
          "tel-icon"
        ]
      },
      "attrs": [],
      "properties": {
        "order": 19,
        "id": 18,
        "name": "tel-icon",
        "prevSize": 32
      },
      "setIdx": 0,
      "setId": 3,
      "iconIdx": 2
    },
    {
      "icon": {
        "paths": [
          "M200.4 486.57l-7.043-6.719-105.819 100.237 372.826 355.664 783.274-747.217-105.124-100.284-678.147 646.318-259.967-247.999z"
        ],
        "attrs": [
          {
            "strokeLinejoin": "miter",
            "strokeLinecap": "butt",
            "strokeMiterlimit": "4",
            "strokeWidth": 20.480000000000004
          }
        ],
        "width": 1331,
        "grid": 0,
        "tags": [
          "check"
        ]
      },
      "attrs": [
        {
          "strokeLinejoin": "miter",
          "strokeLinecap": "butt",
          "strokeMiterlimit": "4",
          "strokeWidth": 20.480000000000004
        }
      ],
      "properties": {
        "order": 20,
        "id": 17,
        "name": "check",
        "prevSize": 32
      },
      "setIdx": 0,
      "setId": 3,
      "iconIdx": 3
    },
    {
      "icon": {
        "paths": [
          "M1024 103.132l-103.132-103.132-408.868 408.868-408.868-408.868-103.132 103.132 408.868 408.868-408.868 408.868 103.132 103.132 408.868-408.868 408.868 408.868 103.132-103.132-408.868-408.868 408.868-408.868z"
        ],
        "attrs": [],
        "grid": 0,
        "tags": [
          "close-icon"
        ]
      },
      "attrs": [],
      "properties": {
        "order": 21,
        "id": 16,
        "name": "close-icon",
        "prevSize": 32
      },
      "setIdx": 0,
      "setId": 3,
      "iconIdx": 4
    },
    {
      "icon": {
        "paths": [
          "M1237.344 0h-1109.344c-70.592 0-128 57.408-128 128v768c0 70.592 57.408 128 128 128h1109.344c70.592 0 128-57.408 128-128v-768c0-70.592-57.408-128-128-128zM1237.344 85.344c5.792 0 11.296 1.216 16.352 3.296l-571.008 494.912-571.008-494.912c5.056-2.112 10.56-3.296 16.352-3.296h1109.344zM1237.344 938.656h-1109.344c-23.552 0-42.656-19.136-42.656-42.656v-717.216l569.376 493.472c8.032 6.944 18.016 10.432 27.968 10.432s19.904-3.456 27.968-10.432l569.376-493.472v717.216c0 23.552-19.136 42.656-42.656 42.656z"
        ],
        "attrs": [],
        "width": 1376,
        "grid": 0,
        "tags": [
          "envelope"
        ]
      },
      "attrs": [],
      "properties": {
        "order": 22,
        "id": 15,
        "name": "envelope",
        "prevSize": 32
      },
      "setIdx": 0,
      "setId": 3,
      "iconIdx": 5
    },
    {
      "icon": {
        "paths": [
          "M682.537 170.026h93.486v-162.816c-16.128-2.219-71.598-7.211-136.192-7.211-134.786 0-227.117 84.778-227.117 240.598v143.402h-148.736v182.016h148.736v457.984h182.358v-457.943h142.72l22.656-182.014h-165.417v-125.397c0.041-52.608 14.208-88.619 87.506-88.619z"
        ],
        "attrs": [],
        "grid": 0,
        "tags": [
          "facebook"
        ]
      },
      "attrs": [],
      "properties": {
        "order": 23,
        "id": 13,
        "name": "facebook",
        "prevSize": 32
      },
      "setIdx": 0,
      "setId": 3,
      "iconIdx": 6
    },
    {
      "icon": {
        "paths": [
          "M1024 0l-1024 576 327.251 121.203 504.749-473.202-383.927 517.955 0.311 0.115-0.384-0.115v282.048l183.522-214.106 232.482 86.106 159.996-896.004z"
        ],
        "attrs": [],
        "grid": 0,
        "tags": [
          "fly-icon"
        ]
      },
      "attrs": [],
      "properties": {
        "order": 24,
        "id": 12,
        "name": "fly-icon",
        "prevSize": 32
      },
      "setIdx": 0,
      "setId": 3,
      "iconIdx": 7
    },
    {
      "icon": {
        "paths": [
          "M1022.996 301.059c-2.396-54.409-11.197-91.814-23.798-124.227-13.005-34.405-33.009-65.208-59.218-90.814-25.605-26.006-56.612-46.212-90.619-59.012-32.599-12.604-69.811-21.403-124.216-23.802-54.815-2.602-72.218-3.204-211.246-3.204-139.027 0-156.429 0.602-211.041 3.001-54.409 2.399-91.815 11.205-124.22 23.802-34.413 13.003-65.215 33.007-90.822 59.215-26.005 25.606-46.204 56.612-59.011 90.619-12.604 32.608-21.403 69.811-23.802 124.22-2.602 54.815-3.204 72.217-3.204 211.247 0 139.023 0.602 156.426 3.001 211.041 2.399 54.405 11.205 91.812 23.809 124.227 13.003 34.401 33.202 65.208 59.207 90.813 25.607 26.004 56.612 46.213 90.619 59.013 32.608 12.6 69.81 21.402 124.227 23.798 54.604 2.406 72.014 3 211.042 3s156.426-0.594 211.041-3c54.41-2.396 91.812-11.197 124.216-23.798 68.818-26.609 123.228-81.019 149.837-149.827 12.595-32.609 21.402-69.821 23.803-124.227 2.396-54.615 3-72.018 3-211.041 0-139.030-0.205-156.431-2.606-211.044zM930.785 719.14c-2.202 50.012-10.604 77.015-17.603 95.017-17.208 44.611-52.613 80.015-97.224 97.224-18.002 7.004-45.204 15.401-95.017 17.597-54.011 2.406-70.211 3-206.838 3-136.63 0-153.031-0.594-206.846-3-50.010-2.196-77.015-10.593-95.018-17.597-22.2-8.202-42.407-21.207-58.808-38.211-17.004-16.604-30.006-36.608-38.211-58.808-7.002-18.002-15.401-45.21-17.597-95.017-2.407-54.011-3.001-70.216-3.001-206.848 0-136.626 0.594-153.028 3.001-206.835 2.195-50.010 10.595-77.015 17.597-95.018 8.205-22.207 21.207-42.407 38.414-58.817 16.597-17.003 36.601-30.006 58.808-38.203 18.003-7.001 45.212-15.401 95.018-17.605 54.010-2.399 70.217-3.001 206.838-3.001 136.832 0 153.027 0.602 206.843 3.001 50.012 2.203 77.015 10.604 95.022 17.605 22.195 8.197 42.404 21.2 58.808 38.203 16.998 16.605 30.003 36.609 38.211 58.817 6.999 18.003 15.401 45.204 17.603 95.018 2.401 54.010 3 70.209 3 206.835 0 136.632-0.599 152.632-3 206.643z",
          "M513.9 249.047c-145.225 0-263.053 117.82-263.053 263.050 0 145.234 117.828 263.050 263.053 263.050 145.229 0 263.050-117.816 263.050-263.050 0-145.23-117.821-263.050-263.050-263.050zM513.9 682.732c-94.215 0-170.636-76.411-170.636-170.634 0-94.221 76.421-170.634 170.636-170.634 94.218 0 170.634 76.413 170.634 170.634 0 94.223-76.416 170.634-170.634 170.634z",
          "M848.768 238.648c0 33.913-27.494 61.41-61.414 61.41-33.915 0-61.414-27.497-61.414-61.41 0-33.921 27.5-61.411 61.414-61.411 33.92 0 61.414 27.49 61.414 61.411z"
        ],
        "attrs": [],
        "grid": 0,
        "tags": [
          "instagram"
        ]
      },
      "attrs": [],
      "properties": {
        "order": 25,
        "id": 11,
        "name": "instagram",
        "prevSize": 32
      },
      "setIdx": 0,
      "setId": 3,
      "iconIdx": 8
    },
    {
      "icon": {
        "paths": [
          "M1023.744 1024v-0.041h0.256v-375.552c0-183.722-39.552-325.247-254.336-325.247-103.255 0-172.544 56.661-200.832 110.378h-2.985v-93.226h-203.65v683.647h212.052v-338.519c0-89.129 16.896-175.315 127.278-175.315 108.754 0 110.377 101.715 110.377 181.034v332.841h211.84z",
          "M16.895 340.35h212.309v683.65h-212.309v-683.65z",
          "M122.966 0c-67.883 0-122.966 55.082-122.966 122.966s55.082 124.117 122.966 124.117c67.882 0 122.965-56.234 122.965-124.117-0.042-67.883-55.125-122.966-122.965-122.966v0z"
        ],
        "attrs": [],
        "grid": 0,
        "tags": [
          "linkedin"
        ]
      },
      "attrs": [],
      "properties": {
        "order": 26,
        "id": 10,
        "name": "linkedin",
        "prevSize": 32
      },
      "setIdx": 0,
      "setId": 3,
      "iconIdx": 9
    },
    {
      "icon": {
        "paths": [
          "M512 512c141.44 0 256-114.56 256-256s-114.56-256-256-256c-141.44 0-256 114.56-256 256s114.56 256 256 256zM512 640c-170.88 0-512 85.76-512 256v64c0 35.2 28.8 64 64 64h896c35.2 0 64-28.8 64-64v-64c0-170.24-341.12-256-512-256z"
        ],
        "attrs": [],
        "grid": 0,
        "tags": [
          "name-icon"
        ]
      },
      "attrs": [],
      "properties": {
        "order": 27,
        "id": 9,
        "name": "name-icon1",
        "prevSize": 32
      },
      "setIdx": 0,
      "setId": 3,
      "iconIdx": 10
    },
    {
      "icon": {
        "paths": [
          "M122.88 0l149.66 141.68h417.481v395.22l149.66 141.681v-678.58h-716.8z",
          "M0 135.71v659.195h696.32v-262.025l-419.367-397.006-276.953-0.163zM563.673 698.481h-453.489v-443.343h32.056v413.323h421.433v30.020z",
          "M200.52 917.17l16.75-34.501h14l-24.4 46v26.8h-12.7v-26.8l-24.45-46h14.050l16.75 34.501zM272.421 938.521h-28.201l-5.9 16.949h-13.15l27.501-72.8h11.35l27.55 72.8h-13.199l-5.949-16.949zM247.769 928.319h21.101l-10.549-30.2-10.551 30.2zM322.269 935.819c0-3.367 0.918-6.449 2.75-9.249 1.833-2.834 5.45-6.183 10.85-10.050-2.832-3.568-4.817-6.601-5.949-9.101-1.1-2.501-1.651-4.917-1.651-7.25 0-5.7 1.733-10.199 5.2-13.5 3.467-3.332 8.135-4.999 14-4.999 5.3 0 9.634 1.567 13.001 4.7 3.4 3.101 5.1 6.949 5.1 11.551 0 3.033-0.766 5.833-2.3 8.399-1.534 2.533-4.051 5.067-7.551 7.6l-4.95 3.6 14.051 16.599c2.034-4 3.049-8.45 3.049-13.349h10.549c0 8.966-2.099 16.316-6.3 22.049l10.701 12.65h-14.1l-4.1-4.85c-5.2 3.899-11.399 5.849-18.6 5.849s-12.966-1.898-17.299-5.7c-4.301-3.834-6.451-8.817-6.451-14.95zM346.37 946.77c4.1 0 7.934-1.366 11.5-4.1l-15.899-18.749-1.55 1.1c-4 3.033-6.001 6.5-6.001 10.4 0 3.367 1.083 6.101 3.25 8.2s5.067 3.15 8.7 3.15zM339.669 899.871c0 2.8 1.718 6.316 5.151 10.549l5.55-3.799 1.55-1.251c2.066-1.833 3.101-4.182 3.101-7.049 0-1.901-0.717-3.516-2.15-4.85-1.434-1.368-3.25-2.050-5.45-2.050-2.367 0-4.252 0.799-5.65 2.4-1.401 1.599-2.101 3.615-2.101 6.050zM471.921 931.77c-0.733 7.766-3.6 13.832-8.602 18.201-4.999 4.332-11.649 6.498-19.95 6.498-5.8 0-10.916-1.366-15.35-4.1-4.399-2.765-7.799-6.683-10.199-11.749s-3.652-10.951-3.75-17.65v-6.799c0-6.867 1.217-12.917 3.65-18.151 2.433-5.233 5.917-9.265 10.449-12.1 4.567-2.832 9.834-4.25 15.8-4.25 8.034 0 14.5 2.183 19.401 6.55 4.899 4.366 7.75 10.533 8.55 18.5h-12.601c-0.6-5.233-2.132-8.999-4.6-11.299-2.433-2.335-6.017-3.5-10.75-3.5-5.499 0-9.732 2.017-12.7 6.050-2.933 4-4.434 9.884-4.499 17.65v6.449c0 7.868 1.399 13.867 4.2 18.002 2.832 4.133 6.965 6.199 12.399 6.199 4.966 0 8.7-1.116 11.201-3.351 2.501-2.232 4.084-5.949 4.749-11.149h12.601zM541.37 920.969c0 7.133-1.233 13.4-3.701 18.801-2.466 5.368-6.001 9.501-10.6 12.401-4.565 2.865-9.832 4.299-15.798 4.299-5.9 0-11.168-1.434-15.8-4.299-4.6-2.9-8.167-7.016-10.701-12.351-2.501-5.333-3.766-11.483-3.799-18.448v-4.1c0-7.1 1.249-13.367 3.75-18.801 2.533-5.433 6.083-9.583 10.65-12.45 4.6-2.9 9.867-4.35 15.8-4.35s11.182 1.434 15.749 4.301c4.6 2.832 8.151 6.932 10.65 12.298 2.501 5.335 3.768 11.551 3.801 18.651v4.049zM528.72 917.17c0-8.067-1.534-14.25-4.6-18.551-3.033-4.299-7.35-6.449-12.95-6.449-5.468 0-9.751 2.15-12.851 6.449-3.066 4.268-4.633 10.318-4.7 18.151v4.198c0 8.002 1.55 14.184 4.651 18.551 3.133 4.366 7.467 6.55 13.001 6.55 5.599 0 9.9-2.132 12.898-6.4 3.035-4.266 4.551-10.5 4.551-18.7v-3.799z"
        ],
        "attrs": [],
        "width": 922,
        "grid": 0,
        "tags": [
          "partner1"
        ]
      },
      "attrs": [],
      "properties": {
        "order": 28,
        "id": 8,
        "name": "partner1",
        "prevSize": 32
      },
      "setIdx": 0,
      "setId": 3,
      "iconIdx": 11
    },
    {
      "icon": {
        "paths": [
          "M334.316 57.787h2.69c4.982 0 10.362 0.501 15.693 0.952 23.485 1.656 46.805 5.173 69.742 10.516v-56.385c-23.617-5.925-47.703-9.763-71.985-11.467-9.216-0.701-19.029-1.152-29.091-1.402h-8.42c-48.736 0.183-97.262 6.44-144.466 18.628-53.765 13.409-105.371 34.398-153.284 62.344v559.197c46.134-25.066 95.223-44.195 146.111-56.936 40.179-10.252 81.255-16.557 122.646-18.828h1.644c6.926-0.351 13.85-0.551 20.972-0.603v-57.285c-53.784 0.691-107.296 7.802-159.411 21.181-19.279 5.008-37.91 10.415-55.396 16.425l-19.926 6.76v-436.011l8.519-4.106c65.009-30.827 135.32-48.764 207.085-52.83 0.597-0.044 1.197-0.044 1.794 0 7.92-0.401 15.892-0.601 23.712-0.601h8.968c4.135 0.1 8.269 0.2 12.404 0.451z",
          "M474.797 116.826c-13.101 0-26.053-0.451-38.558-1.402-14.944-1.102-30.289-2.904-44.833-5.358-8.867-1.502-17.585-3.305-26.055-5.258v552.787c35.854 8.877 72.671 13.217 109.596 12.92 48.733-0.199 97.254-6.437 144.467-18.58 53.774-13.426 105.395-34.414 153.334-62.344v-549.231c-46.129 25.053-95.197 44.197-146.062 56.986-49.638 12.75-100.655 19.292-151.889 19.48zM695.832 126.391l19.927-6.71v436.16l-8.519 4.106c-32.675 15.547-66.798 27.808-101.874 36.606-42.594 11.020-86.384 16.689-130.369 16.874-13.151 0-26.203-0.549-38.857-1.652l-13.649-1.201v-448.529l15.892 1.052c11.557 0.751 23.513 1.102 36.515 1.102 55.838-0.198 111.439-7.33 165.537-21.232 18.582-4.907 37.065-10.416 55.396-16.575z",
          "M53.901 831.26c-2.865-2.972-6.318-5.305-10.137-6.849s-7.918-2.265-12.031-2.115c-4.384-0.059-8.736 0.758-12.803 2.404-3.729 1.485-7.119 3.716-9.963 6.56-2.813 2.851-5.002 6.262-6.426 10.016-1.562 3.933-2.34 8.135-2.292 12.369v74.713c-0.178 5.264 0.826 10.502 2.939 15.323 1.764 3.828 4.31 7.241 7.472 10.016 2.986 2.515 6.491 4.326 10.262 5.309 3.633 1.020 7.387 1.542 11.159 1.552 4.161 0.041 8.279-0.849 12.056-2.603 3.734-1.634 7.118-3.982 9.963-6.912 2.774-2.903 4.987-6.298 6.526-10.016 1.597-3.767 2.41-7.822 2.391-11.918v-8.361h-19.528v6.66c0.058 2.274-0.331 4.537-1.146 6.66-0.636 1.589-1.604 3.025-2.84 4.206-1.21 0.977-2.597 1.709-4.085 2.152-1.319 0.439-2.696 0.675-4.085 0.701-1.744 0.203-3.509-0.059-5.119-0.764-1.61-0.703-3.006-1.822-4.047-3.241-1.841-3.003-2.743-6.491-2.59-10.016v-69.656c-0.121-3.862 0.7-7.696 2.391-11.166 1.014-1.577 2.448-2.836 4.139-3.633s3.571-1.101 5.425-0.874c1.683-0.059 3.356 0.291 4.874 1.024s2.837 1.825 3.844 3.182c2.185 2.869 3.328 6.404 3.238 10.016v6.459h19.329v-7.611c0.039-4.47-0.772-8.907-2.391-13.070-1.443-3.915-3.663-7.493-6.526-10.516z",
          "M169.923 830.407c-6.227-5.258-14.086-8.162-22.218-8.212-3.977 0.016-7.922 0.729-11.657 2.103-3.792 1.359-7.292 3.432-10.312 6.109-3.235 2.909-5.817 6.477-7.572 10.466-1.967 4.563-2.936 9.5-2.839 14.472v71.658c-0.135 5.041 0.835 10.049 2.839 14.673 1.767 3.852 4.352 7.27 7.572 10.014 2.985 2.773 6.491 4.917 10.312 6.311 3.735 1.375 7.68 2.085 11.657 2.103 3.978-0.008 7.924-0.721 11.657-2.103 3.886-1.414 7.47-3.554 10.561-6.311 3.115-2.794 5.625-6.203 7.373-10.014 2.005-4.624 2.974-9.632 2.839-14.673v-71.658c0.096-4.972-0.872-9.909-2.839-14.472-1.738-3.948-4.245-7.507-7.373-10.466zM160.806 927.004c0.164 1.91-0.099 3.832-0.772 5.626s-1.737 3.413-3.114 4.74c-2.579 2.162-5.832 3.348-9.191 3.348s-6.612-1.185-9.191-3.348c-1.377-1.327-2.442-2.946-3.114-4.74s-0.936-3.716-0.772-5.626v-71.658c-0.165-1.91 0.099-3.832 0.772-5.626s1.737-3.415 3.114-4.74c2.579-2.162 5.832-3.348 9.191-3.348s6.612 1.185 9.191 3.348c1.377 1.325 2.442 2.946 3.114 4.74s0.936 3.716 0.772 5.626v71.658z",
          "M322.31 959.004v-135.654h-18.781l-24.659 71.808h-0.349l-24.858-71.808h-18.582v135.654h19.377v-82.525h0.349l18.981 58.338h9.663l19.131-58.338h0.349v82.525h19.377z",
          "M432.404 832.861c-2.983-3.348-6.751-5.896-10.959-7.412-4.535-1.475-9.283-2.186-14.048-2.103h-28.794v135.656h19.328v-52.98h9.964c6.030 0.274 12.030-1.002 17.436-3.706 4.393-2.44 8.058-6.020 10.61-10.366 2.237-3.608 3.744-7.625 4.435-11.817 0.76-5.104 1.111-10.264 1.046-15.423 0.187-6.514-0.449-13.026-1.894-19.379-1.288-4.695-3.74-8.986-7.123-12.469zM422.439 874.222c-0.083 2.456-0.695 4.866-1.792 7.062-1.105 2.085-2.853 3.755-4.982 4.756-2.863 1.282-5.986 1.865-9.116 1.703h-8.818v-46.119h9.962c3.001-0.148 5.992 0.437 8.72 1.701 1.997 1.148 3.584 2.901 4.533 5.008 1.056 2.383 1.631 4.955 1.694 7.562 0 2.855 0 5.858 0 9.013s0.199 6.41 0 9.314h-0.201z",
          "M523.965 823.349h-15.84l-29.891 135.654h19.33l5.679-29.145h26.352l5.679 29.145h19.328l-30.637-135.654zM506.132 911.382l9.515-49.174h0.349l9.464 49.174h-19.328z",
          "M648.856 905.072h-0.349l-29.194-81.723h-18.58v135.654h19.328v-81.573h0.398l29.54 81.573h18.184v-135.654h-19.328v81.723z",
          "M766.968 823.349l-15.541 53.931h-0.4l-15.541-53.931h-20.476l26.553 78.318v57.336h19.328v-57.336l26.553-78.318h-20.476z",
          "M0 997.307h9.316v26.14h6.327v-26.14h9.266v-5.358h-24.908v5.358z",
          "M78.311 991.949l-12.205 31.498h6.725l2.59-7.16h12.554l2.69 7.16h6.875l-12.504-31.498h-6.725zM77.314 1010.977l4.284-11.668 4.284 11.668h-8.568z",
          "M155.725 1011.832h7.273v4.057c-2.124 1.703-4.756 2.637-7.472 2.655-1.27 0.071-2.539-0.165-3.701-0.687-1.161-0.524-2.181-1.317-2.975-2.318-1.67-2.399-2.494-5.289-2.341-8.212 0-7.010 3.039-10.516 9.067-10.516 1.587-0.16 3.177 0.26 4.484 1.178s2.243 2.276 2.64 3.828l6.227-1.201c-1.345-6.16-5.779-9.263-13.351-9.263-4.050-0.108-7.988 1.343-11.009 4.057-1.587 1.566-2.815 3.462-3.598 5.555s-1.102 4.332-0.936 6.561c-0.184 4.311 1.258 8.531 4.035 11.819 1.543 1.591 3.411 2.826 5.475 3.621s4.275 1.13 6.481 0.985c4.928 0.138 9.716-1.658 13.351-5.008v-12.418h-13.65v5.307z",
          "M234.784 991.949h-6.376v31.498h22.069v-5.358h-15.693v-26.14z",
          "M301.637 991.949h-6.376v31.498h6.376v-31.498z",
          "M366.996 1012.982l-12.902-21.033h-6.177v31.498h5.927v-20.58l12.654 20.58h6.327v-31.498h-5.829v21.033z",
          "M426.077 1009.575h15.693v-5.358h-15.693v-6.91h16.888v-5.358h-23.264v31.498h23.912v-5.358h-17.536v-8.513z",
          "M569.348 1004.369h-12.404v-12.42h-6.327v31.498h6.327v-13.771h12.404v13.771h6.327v-31.498h-6.327v12.42z",
          "M628.779 1009.575h15.742v-5.358h-15.742v-6.91h16.937v-5.358h-23.264v31.498h23.863v-5.358h-17.536v-8.513z",
          "M709.382 1009.577c5.48-0.851 8.269-3.755 8.269-8.763 0.16-1.339-0.043-2.698-0.587-3.931-0.544-1.235-1.408-2.298-2.501-3.080-2.853-1.434-6.036-2.072-9.216-1.853h-13.351v31.498h6.327v-13.17h1.245c1.349-0.083 2.698 0.158 3.936 0.701 0.924 0.571 1.694 1.361 2.241 2.304l6.875 10.016h7.572l-3.836-6.16c-1.696-3.040-4.084-5.632-6.973-7.562zM703.006 1005.221h-4.683v-7.912h4.982c2.17-0.175 4.354 0.079 6.426 0.75 0.461 0.408 0.823 0.914 1.063 1.481s0.349 1.182 0.321 1.798c-0.030 0.614-0.195 1.217-0.486 1.759s-0.701 1.012-1.197 1.373c-2.080 0.638-4.256 0.892-6.426 0.752z",
          "M770.156 1009.575h15.693v-5.358h-15.693v-6.91h16.937v-5.358h-23.314v31.498h23.912v-5.358h-17.536v-8.513z"
        ],
        "attrs": [],
        "width": 788,
        "grid": 0,
        "tags": [
          "partner2"
        ]
      },
      "attrs": [],
      "properties": {
        "order": 29,
        "id": 7,
        "name": "partner2",
        "prevSize": 32
      },
      "setIdx": 0,
      "setId": 3,
      "iconIdx": 12
    },
    {
      "icon": {
        "paths": [
          "M151.111 995.295c0.358 0.010 0.71 0.086 1.036 0.226s0.619 0.341 0.863 0.591l4.9 5.137c-3.804 4.156-8.505 7.482-13.782 9.747-6.18 2.472-12.84 3.665-19.54 3.501-6.296 0.124-12.551-0.988-18.376-3.267-5.255-2.093-9.975-5.239-13.843-9.223-3.947-4.132-6.988-8.973-8.943-14.241-2.141-5.873-3.198-12.052-3.124-18.268-0.087-6.256 1.056-12.474 3.369-18.327 2.14-5.301 5.367-10.142 9.494-14.243 4.183-4.017 9.186-7.175 14.701-9.28 6.033-2.227 12.457-3.336 18.927-3.267 6.010-0.141 11.988 0.874 17.58 2.977 4.851 2.005 9.306 4.789 13.169 8.23l-4.104 5.487c-0.283 0.386-0.636 0.722-1.041 0.991-0.484 0.317-1.069 0.462-1.654 0.41-0.636-0.043-1.249-0.243-1.776-0.583l-2.205-1.46-3.063-1.867c-1.322-0.693-2.693-1.298-4.104-1.81-1.817-0.619-3.68-1.107-5.574-1.46-2.404-0.422-4.845-0.617-7.289-0.583-4.659-0.055-9.282 0.779-13.598 2.45-4.025 1.55-7.658 3.898-10.658 6.889-3.054 3.179-5.408 6.911-6.922 10.971-1.725 4.646-2.575 9.547-2.511 14.477-0.074 5.003 0.776 9.983 2.511 14.707 1.495 4.027 3.805 7.735 6.799 10.914 2.806 2.965 6.283 5.28 10.168 6.77 3.998 1.581 8.29 2.374 12.618 2.336 2.5 0.036 4.999-0.119 7.473-0.467 4.039-0.472 7.914-1.807 11.332-3.91 1.715-1.079 3.333-2.289 4.839-3.62 0.63-0.572 1.458-0.905 2.328-0.934z",
          "M292.604 969.485c0.076 6.194-1.045 12.345-3.308 18.151-1.996 5.265-5.141 10.069-9.226 14.093-4.086 4.025-9.021 7.178-14.479 9.252-11.993 4.358-25.25 4.358-37.241 0-5.423-2.108-10.325-5.268-14.394-9.28-4.083-4.096-7.251-8.94-9.31-14.238-4.412-11.757-4.412-24.605 0-36.362 2.089-5.301 5.253-10.159 9.31-14.298 4.104-3.886 9.004-6.925 14.394-8.928 11.977-4.437 25.265-4.437 37.241 0 5.441 2.105 10.364 5.265 14.455 9.278 4.034 4.058 7.178 8.84 9.249 14.065 2.269 5.846 3.391 12.038 3.308 18.268zM279.743 969.485c0.095-4.953-0.691-9.888-2.329-14.591-1.372-4.027-3.603-7.744-6.554-10.912-2.872-3.001-6.408-5.351-10.352-6.887-8.714-3.191-18.358-3.191-27.073 0-3.944 1.536-7.48 3.886-10.352 6.887-2.991 3.151-5.246 6.87-6.615 10.912-3.117 9.502-3.117 19.682 0 29.182 1.383 4.039 3.636 7.756 6.615 10.914 2.876 2.982 6.412 5.313 10.352 6.827 8.729 3.11 18.345 3.11 27.073 0 3.941-1.515 7.478-3.846 10.352-6.827 2.939-3.177 5.168-6.889 6.554-10.914 1.646-4.701 2.431-9.635 2.329-14.591z",
          "M389.139 984.783l1.286 3.267c0.491-1.167 0.919-2.217 1.41-3.267 0.467-1.098 0.998-2.169 1.593-3.21l31.299-54.21c0.614-0.934 1.165-1.517 1.777-1.693 0.833-0.241 1.705-0.341 2.574-0.291h9.247v88.174h-10.964v-64.833c0-0.817 0-1.75 0-2.741-0.057-1.012-0.057-2.024 0-3.036l-31.482 54.972c-0.4 0.822-1.041 1.519-1.843 2.005-0.805 0.486-1.738 0.743-2.691 0.736h-1.777c-0.953 0.014-1.891-0.238-2.696-0.726s-1.443-1.188-1.836-2.015l-32.404-55.322c0 1.050 0 2.103 0 3.153s0 1.984 0 2.801v64.831h-10.595v-87.997h9.247c0.869-0.050 1.741 0.050 2.574 0.291 0.76 0.36 1.365 0.957 1.715 1.693l31.975 54.27c0.626 1.003 1.16 2.058 1.591 3.151z",
          "M506.93 980.401v33.030h-12.252v-88.057h27.319c5.158-0.093 10.3 0.555 15.253 1.927 3.965 1.069 7.642 2.941 10.781 5.484 2.72 2.386 4.818 5.341 6.125 8.637 1.446 3.591 2.153 7.416 2.081 11.262 0.055 3.863-0.717 7.694-2.265 11.262-1.474 3.379-3.736 6.392-6.616 8.811-3.143 2.65-6.837 4.639-10.842 5.837-4.768 1.45-9.757 2.141-14.762 2.041l-14.822-0.233zM506.93 970.95h14.822c3.22 0.038 6.425-0.414 9.495-1.343 2.531-0.812 4.865-2.1 6.861-3.794 1.841-1.615 3.265-3.61 4.165-5.834 1.003-2.353 1.503-4.872 1.469-7.411 0.143-2.448-0.276-4.896-1.229-7.173-0.953-2.279-2.412-4.329-4.284-6.015-4.679-3.482-10.557-5.168-16.477-4.727h-14.822v36.297z",
          "M671.577 1013.55h-9.678c-0.972 0.033-1.924-0.255-2.696-0.819-0.695-0.548-1.241-1.248-1.593-2.041l-8.33-21.302h-41.834l-8.637 21.302c-0.317 0.779-0.845 1.462-1.531 1.984-0.779 0.598-1.757 0.907-2.758 0.876h-9.678l36.752-88.183h12.74l37.243 88.183zM610.937 980.809h34.547l-14.579-35.892c-1.114-2.698-2.036-5.468-2.758-8.287l-1.407 4.61c-0.429 1.403-0.919 2.686-1.348 3.736l-14.455 35.833z",
          "M724.499 925.777c0.733 0.383 1.362 0.922 1.838 1.576l53.596 66.472c0-1.053 0-2.103 0-3.093 0-0.993 0-1.984 0-2.92v-62.445h10.964v88.183h-6.125c-0.869 0.024-1.731-0.155-2.51-0.526-0.757-0.419-1.422-0.974-1.96-1.634l-53.536-66.412c0.060 1.010 0.060 2.022 0 3.034 0 0.993 0 1.867 0 2.684v62.855h-10.964v-88.183h6.494c0.757-0.019 1.51 0.119 2.203 0.41z",
          "M881.185 978.477v35.016h-12.252v-35.016l-33.873-53.105h10.966c0.943-0.055 1.877 0.214 2.634 0.757 0.667 0.567 1.226 1.238 1.653 1.984l21.194 34.259c0.857 1.457 1.593 2.801 2.205 4.084s1.103 2.51 1.531 3.736l1.593-3.794c0.593-1.388 1.288-2.734 2.081-4.027l20.887-34.492c0.441-0.688 0.976-1.317 1.593-1.867 0.726-0.605 1.669-0.919 2.634-0.874h11.088l-33.935 53.338z",
          "M383.076 777.39c5.33 0.641 10.719 1.167 16.17 1.634 82.649-35.226 152.566-92.879 201.014-165.752 48.447-72.875 73.276-157.736 71.38-243.981l-91.084-86.778c18.52 91.822 9.857 186.742-25.019 274.141-34.878 87.4-94.591 163.828-172.461 220.736z",
          "M350.551 773.353l2.45 0.467c83.211-56.706 146.653-135.892 182.12-227.318 35.469-91.424 41.331-190.886 16.829-285.52l-129.734-123.598c52.474 101.597 73.595 215.296 60.909 327.879-12.688 112.583-58.661 219.422-132.575 308.091z",
          "M790.53 471.185c-22.040 94.763-75.571 180.224-152.643 243.7-22.509 18.639-46.787 35.245-72.523 49.602 62.759-17.572 120.441-48.645 168.603-90.815 48.161-42.172 85.516-94.318 109.18-152.416l-52.617-50.071z",
          "M769.888 457.233l-74.914-71.373c-1.431 81.372-25.712 160.894-70.318 230.3-44.606 69.408-107.908 126.164-183.329 164.376h0.367c16.808-0.007 33.599-0.962 50.29-2.86 70.485-27.41 132.749-71.016 181.241-126.931s81.701-122.397 96.663-193.512z",
          "M361.393 85.261l-89.369-85.261c-79.892 29.413-148.602 81.121-197.138 148.355s-74.637 146.862-74.886 228.463v0c0.299 90.167 32.154 177.662 90.521 248.639s139.913 121.382 231.732 143.236c81.965-95.144 129.955-212.709 136.992-335.612 7.039-122.904-27.238-244.745-97.852-347.819z",
          "M976.372 444.106c-0.324-106.977-45.073-209.486-124.471-285.131s-186.992-118.278-299.277-118.586c-51.886-0.051-103.331 9.071-151.723 26.903l547.173 521.307c18.734-46.082 28.331-95.077 28.298-144.494z"
        ],
        "attrs": [],
        "width": 976,
        "grid": 0,
        "tags": [
          "partner3"
        ]
      },
      "attrs": [],
      "properties": {
        "order": 30,
        "id": 6,
        "name": "partner3",
        "prevSize": 32
      },
      "setIdx": 0,
      "setId": 3,
      "iconIdx": 13
    },
    {
      "icon": {
        "paths": [
          "M295.341 305.547h-0.064c-53.877 0-97.549 42.558-97.549 95.058v0.062c0 52.5 43.673 95.061 97.549 95.061h0.064c53.874 0 97.547-42.56 97.547-95.061v-0.062c0-52.5-43.672-95.058-97.547-95.058z",
          "M1015.348 275.158c-0.152-72.92-29.941-142.812-82.846-194.38s-124.616-80.613-199.444-80.779v0c-74.85 0.132-146.596 29.163-199.53 80.735-52.931 51.571-82.737 121.482-82.892 194.424v402.115c0 0 564.648-61.285 564.712-402.053v-0.062z",
          "M-0.002 809.253c0.136 50.738 20.874 99.361 57.684 135.244s86.698 56.11 138.763 56.258c52.054-0.148 101.932-20.366 138.739-56.234 36.809-35.871 57.556-84.478 57.708-135.206v-279.797c0 0-392.894 42.675-392.894 279.735zM196.445 859.384c-10.174 0-20.12-2.939-28.58-8.449-8.46-5.508-15.053-13.336-18.947-22.497s-4.912-19.239-2.927-28.965c1.985-9.726 6.884-18.658 14.079-25.669s16.361-11.786 26.339-13.719c9.979-1.934 20.322-0.941 29.722 2.853s17.434 10.219 23.087 18.463c5.651 8.244 8.668 17.937 8.668 27.853 0.026 6.599-1.286 13.138-3.86 19.242s-6.358 11.652-11.138 16.329c-4.779 4.675-10.459 8.383-16.713 10.914s-12.959 3.834-19.731 3.834v-0.188z",
          "M597.471 828.278h-40.186v41.512h-20.93v-101.581h66.138v16.953h-45.208v26.233h40.186v16.882zM698.075 821.303c0 9.999-1.767 18.768-5.303 26.303-3.534 7.535-8.604 13.348-15.208 17.441-6.558 4.094-14.093 6.139-22.607 6.139-8.418 0-15.929-2.024-22.533-6.070-6.606-4.046-11.721-9.814-15.35-17.301-3.627-7.535-5.465-16.186-5.511-25.955v-5.022c0-9.999 1.791-18.792 5.372-26.372 3.627-7.63 8.721-13.467 15.279-17.513 6.604-4.094 14.138-6.139 22.604-6.139s15.977 2.046 22.535 6.139c6.604 4.046 11.697 9.883 15.279 17.513 3.627 7.58 5.441 16.348 5.441 26.303v4.534zM676.866 816.697c0-10.65-1.907-18.744-5.722-24.278-3.813-5.534-9.254-8.302-16.324-8.302-7.023 0-12.443 2.743-16.255 8.232-3.815 5.441-5.744 13.441-5.792 24v4.953c0 10.371 1.907 18.418 5.72 24.14 3.815 5.72 9.304 8.58 16.465 8.58 7.025 0 12.419-2.743 16.186-8.232 3.767-5.534 5.675-13.581 5.722-24.14v-4.953zM765.959 843.14c0-3.953-1.395-6.977-4.186-9.071-2.791-2.138-7.813-4.372-15.069-6.696-7.256-2.372-13-4.698-17.234-6.977-11.533-6.232-17.301-14.629-17.301-25.186 0-5.489 1.534-10.373 4.603-14.653 3.117-4.325 7.559-7.697 13.326-10.116 5.815-2.417 12.326-3.627 19.535-3.627 7.256 0 13.722 1.326 19.396 3.977 5.675 2.605 10.069 6.301 13.186 11.093 3.162 4.791 4.744 10.233 4.744 16.327h-20.93c0-4.653-1.465-8.256-4.396-10.814-2.929-2.605-7.047-3.908-12.348-3.908-5.118 0-9.095 1.093-11.931 3.279-2.836 2.138-4.256 4.977-4.256 8.511 0 3.303 1.65 6.070 4.953 8.302 3.348 2.234 8.256 4.327 14.722 6.28 11.907 3.582 20.58 8.023 26.022 13.326 5.444 5.301 8.163 11.907 8.163 19.813 0 8.792-3.324 15.698-9.976 20.721-6.651 4.977-15.605 7.466-26.862 7.466-7.813 0-14.929-1.419-21.347-4.256-6.42-2.884-11.326-6.813-14.722-11.79-3.348-4.977-5.022-10.745-5.022-17.303h20.999c0 11.209 6.696 16.815 20.092 16.815 4.977 0 8.861-1 11.652-3.001 2.791-2.046 4.186-4.884 4.186-8.511zM877.656 785.163h-31.115v84.628h-20.93v-84.628h-30.699v-16.953h82.744v16.953zM950.772 825.768h-40.186v27.21h47.164v16.813h-68.094v-101.581h67.953v16.953h-47.023v24.209h40.186v16.396zM1007.633 832.605h-16.675v37.185h-20.93v-101.581h37.745c12 0 21.256 2.674 27.767 8.023s9.766 12.907 9.766 22.676c0 6.93-1.51 12.719-4.534 17.37-2.977 4.606-7.511 8.28-13.605 11.023l21.978 41.512v0.976h-22.466l-19.046-37.185zM990.958 815.652h16.884c5.256 0 9.326-1.326 12.209-3.977 2.884-2.698 4.325-6.396 4.325-11.093 0-4.791-1.372-8.559-4.115-11.302-2.698-2.746-6.861-4.117-12.488-4.117h-16.815v30.489zM1117.796 834v35.79h-20.93v-101.581h39.626c7.63 0 14.326 1.395 20.094 4.186 5.813 2.791 10.278 6.768 13.395 11.928 3.117 5.118 4.675 10.954 4.675 17.513 0 9.954-3.42 17.813-10.257 23.581-6.789 5.722-16.208 8.583-28.255 8.583h-18.349zM1117.796 817.047h18.696c5.537 0 9.745-1.303 12.629-3.908 2.931-2.605 4.396-6.325 4.396-11.162 0-4.977-1.465-9.002-4.396-12.071-2.929-3.070-6.975-4.651-12.138-4.744h-19.187v31.885zM1250.214 825.768h-40.186v27.21h47.164v16.813h-68.094v-101.581h67.953v16.953h-47.023v24.209h40.186v16.396zM1347.332 785.163h-31.118v84.628h-20.93v-84.628h-30.696v-16.953h82.744v16.953zM1420.448 825.768h-40.186v27.21h47.161v16.813h-68.091v-101.581h67.953v16.953h-47.023v24.209h40.186v16.396zM1477.308 832.605h-16.675v37.185h-20.93v-101.581h37.743c12 0 21.256 2.674 27.767 8.023 6.513 5.349 9.768 12.907 9.768 22.676 0 6.93-1.512 12.719-4.534 17.37-2.977 4.606-7.513 8.28-13.605 11.023l21.976 41.512v0.976h-22.464l-19.046-37.185zM1460.634 815.652h16.884c5.256 0 9.326-1.326 12.209-3.977 2.881-2.698 4.325-6.396 4.325-11.093 0-4.791-1.372-8.559-4.117-11.302-2.696-2.746-6.858-4.117-12.488-4.117h-16.813v30.489zM1583.633 843.14c0-3.953-1.395-6.977-4.186-9.071-2.791-2.138-7.813-4.372-15.069-6.696-7.256-2.372-13-4.698-17.232-6.977-11.535-6.232-17.303-14.629-17.303-25.186 0-5.489 1.536-10.373 4.606-14.653 3.115-4.325 7.559-7.697 13.326-10.116 5.813-2.417 12.324-3.627 19.535-3.627 7.256 0 13.719 1.326 19.394 3.977 5.675 2.605 10.071 6.301 13.186 11.093 3.162 4.791 4.744 10.233 4.744 16.327h-20.93c0-4.653-1.465-8.256-4.394-10.814-2.931-2.605-7.047-3.908-12.35-3.908-5.115 0-9.092 1.093-11.931 3.279-2.836 2.138-4.256 4.977-4.256 8.511 0 3.303 1.653 6.070 4.953 8.302 3.351 2.234 8.256 4.327 14.722 6.28 11.907 3.582 20.582 8.023 26.024 13.326 5.441 5.301 8.161 11.907 8.161 19.813 0 8.792-3.324 15.698-9.976 20.721-6.651 4.977-15.605 7.466-26.86 7.466-7.816 0-14.931-1.419-21.349-4.256-6.418-2.884-11.326-6.813-14.722-11.79-3.348-4.977-5.022-10.745-5.022-17.303h20.999c0 11.209 6.699 16.815 20.094 16.815 4.977 0 8.859-1 11.65-3.001 2.791-2.046 4.186-4.884 4.186-8.511z"
        ],
        "attrs": [],
        "width": 1905,
        "grid": 0,
        "tags": [
          "partner4"
        ]
      },
      "attrs": [],
      "properties": {
        "order": 31,
        "id": 5,
        "name": "partner4",
        "prevSize": 32
      },
      "setIdx": 0,
      "setId": 3,
      "iconIdx": 14
    },
    {
      "icon": {
        "paths": [
          "M97.773 855.755c5.008 6.222 7.677 14.018 7.537 22.018 0.256 5.22-0.661 10.43-2.683 15.242-2.022 4.815-5.096 9.111-8.996 12.571-9.73 7.379-21.784 10.985-33.949 10.159h-59.682v-139.547h58.46c11.54-0.771 22.988 2.506 32.388 9.27 3.775 3.172 6.765 7.183 8.733 11.715 1.968 4.53 2.86 9.458 2.606 14.395 0.343 7.697-2.065 15.266-6.79 21.338-4.536 5.545-10.805 9.388-17.789 10.907 7.918 1.451 15.065 5.68 20.166 11.931zM27.77 834.689h24.987c5.679 0.423 11.319-1.222 15.888-4.634 1.876-1.708 3.336-3.826 4.266-6.19s1.306-4.911 1.098-7.445c0.176-2.525-0.207-5.057-1.123-7.414s-2.341-4.482-4.173-6.22c-4.706-3.508-10.521-5.181-16.363-4.704h-24.579v36.607zM71.089 888.205c2.005-1.75 3.582-3.937 4.606-6.397s1.47-5.122 1.301-7.785c0.153-2.691-0.313-5.381-1.36-7.863-1.048-2.484-2.65-4.691-4.683-6.451-4.889-3.641-10.901-5.427-16.975-5.046h-26.209v38.38h26.548c5.976 0.346 11.891-1.36 16.771-4.839z",
          "M217.274 915.746l-32.523-54.538h-12.222v54.538h-27.974v-139.547h52.96c13.349-0.935 26.546 3.312 36.869 11.863 7.403 7.573 11.868 17.552 12.591 28.14 0.721 10.586-2.346 21.084-8.654 29.6-6.534 7.514-15.458 12.525-25.258 14.179l34.628 55.764h-30.418zM172.529 842.19h22.882c15.888 0 23.832-7.046 23.832-21.134 0.163-2.878-0.272-5.756-1.279-8.456-1.005-2.699-2.558-5.159-4.56-7.225-5.021-4.192-11.487-6.225-17.993-5.658h-23.153l0.271 42.472z",
          "M370.18 887.655h-55.745l-9.843 28.086h-29.332l51.196-137.979h31.707l50.991 137.979h-29.33l-9.643-28.086zM362.712 866.522l-20.369-58.9-20.369 58.9h40.738z",
          "M561.586 915.744h-27.77l-62.264-94.894v94.894h-27.702v-139.547h27.702l62.264 95.441v-95.441h27.77v139.547z",
          "M720.059 882.342c-5.741 10.536-14.491 19.105-25.123 24.609-12.088 6.131-25.504 9.153-39.041 8.796h-49.431v-139.547h49.431c13.515-0.355 26.912 2.593 39.041 8.591 10.63 5.377 19.388 13.863 25.123 24.336 5.715 11.349 8.693 23.89 8.693 36.607 0 12.719-2.978 25.26-8.693 36.609zM688.283 879.002c7.926-9.27 12.284-21.086 12.284-33.302 0-12.218-4.357-24.031-12.284-33.302-9.58-8.397-22.073-12.661-34.764-11.863h-19.284v90.328h19.284c12.691 0.797 25.184-3.464 34.764-11.861z",
          "M387.562 0c0 0 358.433 135.865 350.829 332.471v332.539c0 0-358.163-135.933-350.694-332.539l-0.135-332.471z",
          "M1057.716 587.157c67.693-46.773 145.994-75.743 227.731-84.26v-104.097c-94.18 36.444-174.073 102.526-227.731 188.357z",
          "M1017.046 618.518c55.407-112.013 151.458-198.449 268.401-241.529v-299.954c0 0-510.457 193.539-499.662 473.518v473.447c0 0 22.746-8.656 58.527-24.881 0-15.136 0-30.404 1.63-45.744 10.565-129.978 72.109-250.425 171.104-334.857z",
          "M968.499 794.4c2.68-32.836 8.663-65.314 17.857-96.94-61.64 72.913-98.969 163.391-106.736 258.71-0.747 8.998-1.155 17.996-1.357 27.269 28.992-13.977 62.736-31.428 98.18-51.947-9.046-45.095-11.719-91.247-7.944-137.092z",
          "M988.801 796.106c-3.399 41.476-1.275 83.225 6.314 124.139 139.462-83.783 296.171-213.24 290.13-369.692v-13.634c-99.642 11.194-192.865 54.928-265.347 124.479-16.97 43.104-27.452 88.504-31.097 134.708z"
        ],
        "attrs": [],
        "width": 1285,
        "grid": 0,
        "tags": [
          "partner5"
        ]
      },
      "attrs": [],
      "properties": {
        "order": 32,
        "id": 4,
        "name": "partner5",
        "prevSize": 32
      },
      "setIdx": 0,
      "setId": 3,
      "iconIdx": 15
    },
    {
      "icon": {
        "paths": [
          "M995.962 475.343c-9.303-13.581-13.755-29.636-12.698-45.793v-66.397c0-20.353 4.21-35.82 12.626-46.401 8.419-10.583 22.88-15.852 43.38-15.805 19.262 0 32.937 4.501 41.022 13.508 8.82 11.491 13.112 25.542 12.128 39.716v15.603h-34.46v-15.805c0.122-5.173-0.211-10.347-0.997-15.467-0.496-3.502-2.231-6.741-4.924-9.187-3.537-2.636-7.996-3.916-12.484-3.58-4.722-0.334-9.403 1.015-13.127 3.782-3.003 2.711-5.002 6.262-5.708 10.131-0.988 5.421-1.443 10.915-1.356 16.415v80.578c-0.543 7.776 0.977 15.554 4.423 22.628 1.714 2.393 4.094 4.292 6.876 5.483 2.783 1.193 5.859 1.632 8.891 1.271 4.414 0.345 8.795-0.966 12.199-3.646 2.809-2.638 4.615-6.082 5.138-9.795 0.804-5.345 1.162-10.743 1.069-16.144v-16.344h34.46v14.926c0.968 14.775-3.219 29.44-11.914 41.744-7.918 9.859-21.404 14.79-41.236 14.79-19.834 0-34.818-5.267-43.309-16.21z",
          "M1139.438 476.020c-8.704-10.336-13.056-25.397-13.056-45.323v-69.839c0-19.723 4.352-34.651 13.056-44.782s23.258-15.175 43.662-15.128c20.262 0 34.745 5.042 43.449 15.128 8.704 10.131 13.127 25.059 13.127 44.782v69.839c0 19.723-4.423 34.854-13.27 45.254-8.846 10.403-23.258 15.603-43.306 15.603-20.046 0-34.887-5.267-43.662-15.534zM1199.153 459.268c3.119-6.473 4.537-13.564 4.138-20.669v-85.508c0.401-6.968-0.995-13.922-4.067-20.264-1.747-2.444-4.187-4.374-7.037-5.567-2.852-1.195-5.999-1.605-9.087-1.187-3.094-0.41-6.249 0.007-9.109 1.2s-5.314 3.117-7.086 5.554c-3.137 6.324-4.559 13.288-4.138 20.264v85.914c-0.432 7.108 0.988 14.207 4.138 20.669 2.010 2.179 4.488 3.925 7.268 5.122 2.783 1.195 5.801 1.814 8.855 1.814 3.056 0 6.075-0.619 8.855-1.814 2.78-1.198 5.26-2.943 7.268-5.122v-0.405z",
          "M1281.124 302.984h37.1l27.895 128.859 28.538-128.859h36.1l3.64 185.994h-26.684l-2.854-129.264-27.539 129.264h-21.404l-28.538-129.736-2.638 129.736h-26.969l3.352-185.994z",
          "M1455.992 302.984h57.787c33.293 0 49.94 17.604 49.94 52.814 0 33.723-17.526 50.561-52.58 50.517h-19.69v82.664h-35.673l0.216-185.994zM1505.36 382.473c3.526 0.425 7.106 0.118 10.492-0.897 3.388-1.013 6.502-2.711 9.129-4.978 4.089-6.282 5.895-13.659 5.136-21.003 0.187-5.674-0.387-11.349-1.712-16.885-0.508-1.85-1.4-3.584-2.627-5.102-1.224-1.52-2.756-2.794-4.508-3.744-4.951-2.248-10.425-3.272-15.91-2.972h-13.84v55.581h13.84z",
          "M1615.162 302.984h38.311l39.31 185.994h-33.247l-7.776-42.886h-34.175l-7.989 42.886h-33.745l39.31-185.994zM1647.908 424.548l-13.341-78.071-13.341 78.071h26.682z",
          "M1724.53 302.984h24.972l47.801 106.1v-106.1h29.607v185.994h-23.757l-48.086-110.759v110.759h-30.609l0.071-185.994z",
          "M1896.257 418.061l-39.738-114.817h33.46l24.258 73.752 22.757-73.752h32.748l-39.239 114.817v70.916h-34.246v-70.916z",
          "M1051.043 570.299v9.726h-29.108v75.578h-12.199v-75.578h-29.251v-9.726h70.558z",
          "M1142.29 655.609h-9.416c-0.957 0.056-1.901-0.234-2.64-0.81-0.712-0.496-1.258-1.175-1.569-1.959l-8.419-20.262h-40.381l-8.419 20.262c-0.238 0.848-0.679 1.632-1.284 2.297-0.746 0.565-1.685 0.853-2.64 0.81h-9.416l35.673-85.301h12.413l36.1 84.963zM1083.216 623.934h33.676l-14.269-34.716c-1.053-2.625-1.934-5.309-2.64-8.036-0.499 1.621-0.928 3.174-1.356 4.526l-1.284 3.58-14.127 34.647z",
          "M1203.79 647.23c2.235 0.111 4.472 0.111 6.707 0 1.928-0.187 3.838-0.525 5.708-1.013 1.747-0.405 3.464-0.924 5.136-1.554 1.569-0.608 3.139-1.351 4.782-2.093v-19.184h-14.269c-0.354 0.020-0.706-0.031-1.037-0.147s-0.634-0.296-0.89-0.528c-0.234-0.191-0.419-0.432-0.543-0.701-0.122-0.267-0.18-0.561-0.169-0.853v-6.551h27.681v32.692c-2.259 1.529-4.646 2.885-7.135 4.051-2.544 1.189-5.193 2.162-7.918 2.905-2.918 0.813-5.901 1.4-8.92 1.756-3.457 0.363-6.934 0.543-10.416 0.541-6.153 0.049-12.257-1.031-17.978-3.174-5.343-2.035-10.195-5.067-14.269-8.918-3.971-3.889-7.099-8.479-9.203-13.508-2.251-5.654-3.364-11.658-3.283-17.697-0.073-6.079 1.013-12.121 3.212-17.833 2.050-5.055 5.185-9.655 9.203-13.51 4.072-3.838 8.927-6.847 14.269-8.849 6.108-2.175 12.593-3.252 19.12-3.174 3.321-0.004 6.638 0.245 9.917 0.744 2.898 0.447 5.743 1.171 8.49 2.162 2.495 0.888 4.886 2.019 7.135 3.377 2.186 1.333 4.261 2.823 6.206 4.459l-3.424 5.269c-0.269 0.481-0.668 0.884-1.158 1.169-0.49 0.287-1.051 0.441-1.625 0.452-0.79-0.024-1.556-0.258-2.213-0.677-1.071-0.539-2.211-1.215-3.495-2.026-1.518-0.899-3.117-1.67-4.782-2.297-2.126-0.806-4.321-1.44-6.563-1.89-2.99-0.521-6.024-0.77-9.060-0.744-4.708-0.049-9.381 0.752-13.771 2.364-3.969 1.507-7.549 3.813-10.487 6.754-2.956 3.068-5.216 6.678-6.636 10.605-3.188 9.24-3.188 19.2 0 28.438 1.563 4.011 3.991 7.669 7.135 10.739 2.927 2.927 6.478 5.229 10.416 6.756 4.537 1.474 9.345 2.048 14.127 1.687z",
          "M1317.512 645.877h38.957v9.726h-50.871v-85.304h12.201l-0.287 75.578z",
          "M1396.992 655.603h-12.201v-85.304h12.201v85.304z",
          "M1442.366 570.704c0.723 0.392 1.356 0.922 1.854 1.554l52.153 64.303c-0.071-1.011-0.071-2.026 0-3.039 0-0.946 0-1.892 0-2.769v-60.79h10.63v85.646h-6.135c-0.91 0.069-1.821-0.093-2.64-0.472-0.741-0.425-1.394-0.975-1.926-1.623l-52.082-64.234c0 1.013 0 1.957 0 2.903s0 1.825 0 2.636v60.79h-10.202v-85.31h6.351c0.688 0.002 1.369 0.14 1.997 0.405z",
          "M1596.826 570.299v9.387h-43.233v28.167h35.030v9.049h-35.030v29.113h43.233v9.387h-55.79v-85.103h55.79z",
          "M318.408 43.496l541.718 145.616v510.264l-541.718-145.548v-510.332zM283.664 0v578.616l611.137 164.325v-578.548l-611.137-164.393z",
          "M611.206 1011.538l-611.206-164.463v-578.553l611.206 164.394v578.622z",
          "M293.795 36.944l534.655 143.79-227.375 215.314-534.725-143.859 227.444-215.245zM283.664 0l-283.664 268.535 611.206 164.39 283.592-268.535-611.134-164.39z",
          "M645.594 978.989l249.204-235.979-249.204-67.065v303.044z"
        ],
        "attrs": [],
        "width": 1981,
        "grid": 0,
        "tags": [
          "partner6"
        ]
      },
      "attrs": [],
      "properties": {
        "order": 33,
        "id": 3,
        "name": "partner6",
        "prevSize": 32
      },
      "setIdx": 0,
      "setId": 3,
      "iconIdx": 16
    },
    {
      "icon": {
        "paths": [
          "M877.422 667.25l-134.444-15.35c-32.292-3.705-64.051 7.411-86.812 30.171l-97.395 97.398c-149.797-76.225-272.599-198.498-348.821-348.826l97.924-97.925c22.761-22.761 33.876-54.52 30.171-86.808l-15.35-133.39c-6.352-53.461-51.344-93.69-105.334-93.69h-91.573c-59.813 0-109.569 49.756-105.864 109.57 28.054 452.041 389.579 813.036 841.091 841.094 59.809 3.701 109.568-46.051 109.568-105.867v-91.568c0.527-53.465-39.702-98.458-93.162-104.809z"
        ],
        "attrs": [],
        "grid": 0,
        "tags": [
          "tel-icon"
        ]
      },
      "attrs": [],
      "properties": {
        "order": 34,
        "id": 2,
        "name": "tel-icon1",
        "prevSize": 32
      },
      "setIdx": 0,
      "setId": 3,
      "iconIdx": 17
    },
    {
      "icon": {
        "paths": [
          "M1024 194.496c-38.077 16.704-78.659 27.776-120.96 33.152 43.52-25.984 76.739-66.816 92.349-116.032-40.571 24.192-85.371 41.28-133.12 50.816-38.528-41.024-93.44-66.432-153.344-66.432-116.219 0-209.789 94.336-209.789 209.984 0 16.64 1.408 32.64 4.864 47.872-174.528-8.512-328.96-92.16-432.704-219.584-18.112 31.424-28.736 67.392-28.736 106.112 0 72.704 37.44 137.152 93.248 174.464-33.728-0.64-66.816-10.432-94.848-25.856 0 0.64 0 1.472 0 2.304 0 102.016 72.768 186.752 168.192 206.269-17.088 4.675-35.712 6.912-55.040 6.912-13.44 0-27.008-0.763-39.744-3.584 27.2 83.139 104.384 144.261 196.16 146.243-71.424 55.875-162.112 89.533-260.288 89.533-17.216 0-33.728-0.763-50.24-2.877 92.992 59.971 203.2 94.208 322.048 94.208 386.304 0 597.504-320 597.504-597.376 0-9.28-0.317-18.24-0.768-27.136 41.667-29.568 76.672-66.496 105.216-108.992z"
        ],
        "attrs": [],
        "grid": 0,
        "tags": [
          "twitter"
        ]
      },
      "attrs": [],
      "properties": {
        "order": 35,
        "id": 1,
        "name": "twitter",
        "prevSize": 32
      },
      "setIdx": 0,
      "setId": 3,
      "iconIdx": 18
    },
    {
      "icon": {
        "paths": [
          "M544 0h-448c-52.938 0-96 43.062-96 96v832c0 52.941 43.062 96 96 96h448c52.938 0 96-43.059 96-96v-832c0-52.938-43.062-96-96-96zM96 64h448c17.656 0 32 14.344 32 32v672h-512v-672c0-17.656 14.344-32 32-32zM544 960h-448c-17.656 0-32-14.342-32-32v-96h512v96c0 17.658-14.344 32-32 32z"
        ],
        "attrs": [],
        "width": 640,
        "grid": 0,
        "tags": [
          "Vector"
        ]
      },
      "attrs": [],
      "properties": {
        "order": 36,
        "id": 0,
        "name": "Vector",
        "prevSize": 32
      },
      "setIdx": 0,
      "setId": 3,
      "iconIdx": 19
    }
  ],
  "height": 1024,
  "preferences": {
    "showGlyphs": true,
    "showQuickUse": true,
    "showQuickUse2": true,
    "showSVGs": true,
    "fontPref": {
      "prefix": "icon-",
      "metadata": {
        "fontFamily": "icomoon"
      },
      "metrics": {
        "emSize": 1024,
        "baseline": 6.25,
        "whitespace": 50
      },
      "embed": false
    },
    "imagePref": {
      "prefix": "icon-",
      "png": true,
      "useClassSelector": true,
      "color": 0,
      "bgColor": 16777215,
      "classSelector": ".icon",
      "name": "icomoon"
    },
    "historySize": 50,
    "showCodes": true,
    "gridSize": 16
  }
}